TERM,IATE entry URL,IATE ID,TERM TYPE,EVALUATION
Pan-European Guarantee Fund,https://iate.europa.eu/entry/result/3589501,3589501,Term,
Next Generation EU,https://iate.europa.eu/entry/result/3589927,3589927,Term,
European Union Recovery Instrument,https://iate.europa.eu/entry/result/3589927,3589927,Term,
EU recovery instrument,https://iate.europa.eu/entry/result/3589927,3589927,Redirection,
recovery instrument,https://iate.europa.eu/entry/result/3589927,3589927,Term,
NextGenerationEU,https://iate.europa.eu/entry/result/3589927,3589927,Redirection,
European Recovery Instrument,https://iate.europa.eu/entry/result/3589927,3589927,Term,
NGEU,https://iate.europa.eu/entry/result/3589927,3589927,Abbrev,
teaching staff,https://iate.europa.eu/entry/result/774241,774241,Term,
staff,https://iate.europa.eu/entry/result/774241,774241,Short Form,
the staff,https://iate.europa.eu/entry/result/774241,774241,Short Form,
ODL,https://iate.europa.eu/entry/result/145226,145226,Abbrev,
open and distance learning,https://iate.europa.eu/entry/result/145226,145226,Term,
open and distance education,https://iate.europa.eu/entry/result/145226,145226,Term,
Global Humanitarian Response Plan for the coronavirus,https://iate.europa.eu/entry/result/3589579,3589579,Term,
Global Humanitarian Response Plan,https://iate.europa.eu/entry/result/3589579,3589579,Term,
GHRP,https://iate.europa.eu/entry/result/3589579,3589579,Abbrev,
Global HRP,https://iate.europa.eu/entry/result/3589579,3589579,Abbrev,
Global Humanitarian Response Plan for COVID-19,https://iate.europa.eu/entry/result/3589579,3589579,Term,
Strategic Investment Facility,https://iate.europa.eu/entry/result/3589894,3589894,Term,
teacher,https://iate.europa.eu/entry/result/770695,770695,Term,
ODL,https://iate.europa.eu/entry/result/871070,871070,Term,
open and distance learning,https://iate.europa.eu/entry/result/871070,871070,Term,
open learning,https://iate.europa.eu/entry/result/877731,877731,Term,
open education,https://iate.europa.eu/entry/result/877731,877731,Redirection,
executive capacity,https://iate.europa.eu/entry/result/3589539,3589539,Term,
health defences,https://iate.europa.eu/entry/result/3589679,3589679,Term,
public health protection,https://iate.europa.eu/entry/result/3589679,3589679,Term,
health protection,https://iate.europa.eu/entry/result/3589679,3589679,Term,
public health defences,https://iate.europa.eu/entry/result/3589679,3589679,Term,
public health protection measures,https://iate.europa.eu/entry/result/3589679,3589679,Term,
Unemployment Reinsurance Scheme,https://iate.europa.eu/entry/result/3574459,3574459,Short Form,
European Unemployment Benefit Reinsurance Scheme,https://iate.europa.eu/entry/result/3574459,3574459,Term,
European Unemployment Reinsurance Scheme,https://iate.europa.eu/entry/result/3574459,3574459,Term,
Instrument for Emergency Support within the Union,https://iate.europa.eu/entry/result/3568792,3568792,Term,
IES,https://iate.europa.eu/entry/result/3568792,3568792,Abbrev,
ESI,https://iate.europa.eu/entry/result/3568792,3568792,Abbrev,
emergency support instrument,https://iate.europa.eu/entry/result/3568792,3568792,Term,
instrument for emergency support,https://iate.europa.eu/entry/result/3568792,3568792,Redirection,
instrument for emergency support within the EU,https://iate.europa.eu/entry/result/3568792,3568792,Term,
instrument for Emergency assistance within the Union,https://iate.europa.eu/entry/result/3568792,3568792,Term,
Emergency Support Initiative,https://iate.europa.eu/entry/result/3568792,3568792,Redirection,
Emergency Assistance Instrument,https://iate.europa.eu/entry/result/3568792,3568792,Term,
adult educator,https://iate.europa.eu/entry/result/896698,896698,Term,
electronic meeting,https://iate.europa.eu/entry/result/3589558,3589558,Term,
online meeting,https://iate.europa.eu/entry/result/3589558,3589558,Term,
e-meeting,https://iate.europa.eu/entry/result/3589558,3589558,Term,
Recovery Assistance for Cohesion and the Territories of Europe,https://iate.europa.eu/entry/result/3590020,3590020,Term,
REACT-EU,https://iate.europa.eu/entry/result/3590020,3590020,Abbrev,
V-shaped recovery,https://iate.europa.eu/entry/result/3589902,3589902,Term,
Union health emergency team,https://iate.europa.eu/entry/result/3589945,3589945,Term,
recovery plan,https://iate.europa.eu/entry/result/3589550,3589550,Redirection,
roadmap for recovery,https://iate.europa.eu/entry/result/3589550,3589550,Term,
comprehensive recovery plan,https://iate.europa.eu/entry/result/3589550,3589550,Redirection,
joint roadmap for recovery,https://iate.europa.eu/entry/result/3589550,3589550,Term,
EU Recovery Plan,https://iate.europa.eu/entry/result/3589942,3589942,Term,
recovery plan for Europe,https://iate.europa.eu/entry/result/3589942,3589942,Term,
recovery plan,https://iate.europa.eu/entry/result/3589942,3589942,Term,
European recovery plan,https://iate.europa.eu/entry/result/3589942,3589942,Term,
European Union Recovery Plan,https://iate.europa.eu/entry/result/3589942,3589942,Redirection,
advance market commitment,https://iate.europa.eu/entry/result/3509347,3509347,Term,preferred
advance purchase commitment,https://iate.europa.eu/entry/result/3509347,3509347,Term,
APC,https://iate.europa.eu/entry/result/3509347,3509347,Abbrev,
AMC,https://iate.europa.eu/entry/result/3509347,3509347,Abbrev,
APA,https://iate.europa.eu/entry/result/3509347,3509347,Term,
Advanced Market Commitment,https://iate.europa.eu/entry/result/3509347,3509347,Redirection,
APAs,https://iate.europa.eu/entry/result/3509347,3509347,Redirection,
advance purchase agreement,https://iate.europa.eu/entry/result/3509347,3509347,Term,
national recovery and resilience plan,https://iate.europa.eu/entry/result/3590080,3590080,Term,
recovery and resilience plan,https://iate.europa.eu/entry/result/3590080,3590080,Term,
U-shaped recovery,https://iate.europa.eu/entry/result/3589900,3589900,Term,
crisis relevant product,https://iate.europa.eu/entry/result/3589919,3589919,Term,
green recovery,https://iate.europa.eu/entry/result/3589967,3589967,Term,
contact tracing,https://iate.europa.eu/entry/result/3509896,3509896,Term,
COVID-19 outbreak,https://iate.europa.eu/entry/result/3589305,3589305,Term,admitted
coronavirus outbreak,https://iate.europa.eu/entry/result/3589305,3589305,Short Form,admitted
coronavirus pandemic,https://iate.europa.eu/entry/result/3589305,3589305,Term,admitted
outbreak,https://iate.europa.eu/entry/result/3589305,3589305,Redirection,
global coronavirus outbreak,https://iate.europa.eu/entry/result/3589305,3589305,Term,admitted
COVID-19 pandemic,https://iate.europa.eu/entry/result/3589305,3589305,Term,preferred
private investment,https://iate.europa.eu/entry/result/1173417,1173417,Term,
private sector investment,https://iate.europa.eu/entry/result/1173417,1173417,Term,
public investment,https://iate.europa.eu/entry/result/1173416,1173416,Term,
investment by public authorities,https://iate.europa.eu/entry/result/1173416,1173416,Term,
government investment,https://iate.europa.eu/entry/result/1173416,1173416,Term,
respiratory droplet,https://iate.europa.eu/entry/result/3503321,3503321,Term,
droplets,https://iate.europa.eu/entry/result/3503321,3503321,Redirection,
community transmission,https://iate.europa.eu/entry/result/3562747,3562747,Term,
landscape document,https://iate.europa.eu/entry/result/3590067,3590067,Term,
Health Programme,https://iate.europa.eu/entry/result/3590014,3590014,Redirection,
Programme for the Union's action in the field of health,https://iate.europa.eu/entry/result/3590014,3590014,Term,
EU4Health Programme,https://iate.europa.eu/entry/result/3590014,3590014,Short Form,
protein antigen vaccine,https://iate.europa.eu/entry/result/1073850,1073850,Term,
peptide-based vaccine,https://iate.europa.eu/entry/result/1073850,1073850,Term,
protein-based vaccine,https://iate.europa.eu/entry/result/1073850,1073850,Term,preferred
viral vector-based vaccine,https://iate.europa.eu/entry/result/3590043,3590043,Term,
viral vector vaccine,https://iate.europa.eu/entry/result/3590043,3590043,Term,
genetic vaccine,https://iate.europa.eu/entry/result/3590042,3590042,Term,
nucleic acid vaccine,https://iate.europa.eu/entry/result/3590042,3590042,Term,
positive control substance,https://iate.europa.eu/entry/result/3524674,3524674,Term,
positive control,https://iate.europa.eu/entry/result/3524674,3524674,Short Form,deprecated
control material,https://iate.europa.eu/entry/result/3524674,3524674,Short Form,
positive control chemical,https://iate.europa.eu/entry/result/3524674,3524674,Term,
testing material,https://iate.europa.eu/entry/result/3524674,3524674,Redirection,
testing control material,https://iate.europa.eu/entry/result/3524674,3524674,Redirection,
positive control material testing,https://iate.europa.eu/entry/result/3524674,3524674,Redirection,
test control material,https://iate.europa.eu/entry/result/3524674,3524674,Redirection,
positive control reagent,https://iate.europa.eu/entry/result/3524674,3524674,Term,
positive control material,https://iate.europa.eu/entry/result/3524674,3524674,Term,
infection control,https://iate.europa.eu/entry/result/3517430,3517430,Term,
threat to public health,https://iate.europa.eu/entry/result/157022,157022,Term,
public health threat,https://iate.europa.eu/entry/result/157022,157022,Term,
COVID-19 virus,https://iate.europa.eu/entry/result/3588006,3588006,Short Form,
2019-nCoV,https://iate.europa.eu/entry/result/3588006,3588006,Abbrev,obsolete
2019 novel coronavirus,https://iate.europa.eu/entry/result/3588006,3588006,Term,obsolete
SARS-CoV-2,https://iate.europa.eu/entry/result/3588006,3588006,Abbrev,
virus responsible for COVID-19,https://iate.europa.eu/entry/result/3588006,3588006,Term,
COVID-19 coronavirus,https://iate.europa.eu/entry/result/3588006,3588006,Redirection,
Wuhan seafood market pneumonia virus,https://iate.europa.eu/entry/result/3588006,3588006,Redirection,obsolete
novel coronavirus,https://iate.europa.eu/entry/result/3588006,3588006,Term,obsolete
severe acute respiratory syndrome coronavirus 2,https://iate.europa.eu/entry/result/3588006,3588006,Term,
non-pharmaceutical countermeasure,https://iate.europa.eu/entry/result/3589281,3589281,Term,
community mitigation measure,https://iate.europa.eu/entry/result/3589281,3589281,Term,
non-pharmaceutical intervention,https://iate.europa.eu/entry/result/3589281,3589281,Term,
non-pharmaceutical measure,https://iate.europa.eu/entry/result/3589281,3589281,Term,
non-pharmaceutical public health measure,https://iate.europa.eu/entry/result/3589281,3589281,Term,
nonpharmaceutical Intervention,https://iate.europa.eu/entry/result/3589281,3589281,Redirection,
mitigation measure,https://iate.europa.eu/entry/result/3589281,3589281,Term,
community measures,https://iate.europa.eu/entry/result/3589281,3589281,Redirection,
NPI,https://iate.europa.eu/entry/result/3589281,3589281,Abbrev,
NPIs,https://iate.europa.eu/entry/result/3589281,3589281,Redirection,
community mitigation,https://iate.europa.eu/entry/result/3589281,3589281,Term,
health system resilience,https://iate.europa.eu/entry/result/3581945,3581945,Term,
resilience,https://iate.europa.eu/entry/result/3581945,3581945,Term,
Kawasaki-like disease,https://iate.europa.eu/entry/result/3589689,3589689,Term,
Kawasaki-like syndrome,https://iate.europa.eu/entry/result/3589689,3589689,Term,
KLD,https://iate.europa.eu/entry/result/3589689,3589689,Abbrev,
plasma derivative,https://iate.europa.eu/entry/result/930943,930943,Term,
plasma product,https://iate.europa.eu/entry/result/930943,930943,Term,
plasma-derived medicinal product,https://iate.europa.eu/entry/result/930943,930943,Term,
blood center,https://iate.europa.eu/entry/result/3539833,3539833,Redirection,
blood centre,https://iate.europa.eu/entry/result/3539833,3539833,Term,
infection chain,https://iate.europa.eu/entry/result/1196217,1196217,Term,
infection transmission chain,https://iate.europa.eu/entry/result/1196217,1196217,Term,
chain of transmission,https://iate.europa.eu/entry/result/1196217,1196217,Term,
distance education,https://iate.europa.eu/entry/result/858341,858341,Term,
online education,https://iate.europa.eu/entry/result/858341,858341,Term,
contact tracing and warning functionality,https://iate.europa.eu/entry/result/3589573,3589573,Term,
contact tracing application,https://iate.europa.eu/entry/result/3589477,3589477,Term,
contact-tracing app,https://iate.europa.eu/entry/result/3589477,3589477,Term,
tracing app,https://iate.europa.eu/entry/result/3589477,3589477,Term,
tracing apps,https://iate.europa.eu/entry/result/3589477,3589477,Redirection,
tracing application,https://iate.europa.eu/entry/result/3589477,3589477,Term,
nasal swab,https://iate.europa.eu/entry/result/3501925,3501925,Term,
challenge study,https://iate.europa.eu/entry/result/2220518,2220518,Term,
controlled infection study,https://iate.europa.eu/entry/result/2220518,2220518,Term,
outbreak threshold,https://iate.europa.eu/entry/result/3589680,3589680,Term,
epidemic threshold,https://iate.europa.eu/entry/result/3589670,3589670,Term,
oropharyngeal swab,https://iate.europa.eu/entry/result/1686888,1686888,Term,
OP swab,https://iate.europa.eu/entry/result/1686888,1686888,Term,
throat swab,https://iate.europa.eu/entry/result/1686888,1686888,Term,
critical community size,https://iate.europa.eu/entry/result/3589684,3589684,Term,
CCS,https://iate.europa.eu/entry/result/3589684,3589684,Term,
public health passenger locator card,https://iate.europa.eu/entry/result/3582130,3582130,Term,
PLF,https://iate.europa.eu/entry/result/3582130,3582130,Abbrev,
Passenger Locator Form,https://iate.europa.eu/entry/result/3582130,3582130,Term,preferred
locator card,https://iate.europa.eu/entry/result/3582130,3582130,Short Form,
human to human transmission,https://iate.europa.eu/entry/result/3578988,3578988,Term,
human-to-human transmission,https://iate.europa.eu/entry/result/3578988,3578988,Redirection,
person-to-person transmission,https://iate.europa.eu/entry/result/3578988,3578988,Term,
viable company,https://iate.europa.eu/entry/result/3581788,3581788,Redirection,
viable business,https://iate.europa.eu/entry/result/3581788,3581788,Term,
viable undertaking,https://iate.europa.eu/entry/result/3581788,3581788,Redirection,
viable enterprise,https://iate.europa.eu/entry/result/3581788,3581788,Term,
disinfection,https://iate.europa.eu/entry/result/1493465,1493465,Term,
immunisation,https://iate.europa.eu/entry/result/1528591,1528591,Term,
disease control,https://iate.europa.eu/entry/result/3517429,3517429,Term,
cluster,https://iate.europa.eu/entry/result/1507975,1507975,Term,
cluster of cases,https://iate.europa.eu/entry/result/1507975,1507975,Term,
disease cluster,https://iate.europa.eu/entry/result/1507975,1507975,Short Form,
serological test,https://iate.europa.eu/entry/result/1099872,1099872,Term,
quarantine,https://iate.europa.eu/entry/result/1085413,1085413,Term,
seroconversion,https://iate.europa.eu/entry/result/1431879,1431879,Term,
cross-contamination,https://iate.europa.eu/entry/result/1238760,1238760,Term,
cross contamination,https://iate.europa.eu/entry/result/1238760,1238760,Redirection,
false-positive,https://iate.europa.eu/entry/result/1109059,1109059,Redirection,
type I error,https://iate.europa.eu/entry/result/1109059,1109059,Term,
type 1 error,https://iate.europa.eu/entry/result/1109059,1109059,Term,
false positive,https://iate.europa.eu/entry/result/1109059,1109059,Term,
swab,https://iate.europa.eu/entry/result/3510249,3510249,Term,
screening,https://iate.europa.eu/entry/result/1109433,1109433,Term,
medical screening,https://iate.europa.eu/entry/result/1109433,1109433,Term,
health screening,https://iate.europa.eu/entry/result/1109433,1109433,Term,
COVID-19 Information Group – Home Affairs,https://iate.europa.eu/entry/result/3590061,3590061,Term,
Rapid Action Coronavirus Earth observation,https://iate.europa.eu/entry/result/3589985,3589985,Term,
RACE,https://iate.europa.eu/entry/result/3589985,3589985,Abbrev,
Rapid Action on Coronavirus and EO,https://iate.europa.eu/entry/result/3589985,3589985,Term,
Rapid Action on Coronavirus and Earth observation,https://iate.europa.eu/entry/result/3589985,3589985,Term,
Rapid Action on COVID-19 and Earth observation,https://iate.europa.eu/entry/result/3589985,3589985,Term,
Rapid action in response to coronavirus with Earth observation,https://iate.europa.eu/entry/result/3589985,3589985,Term,
medical countermeasure,https://iate.europa.eu/entry/result/389315,389315,Term,
contact tracing and warning app,https://iate.europa.eu/entry/result/3589574,3589574,Term,
audio conference,https://iate.europa.eu/entry/result/1758301,1758301,Term,
audioconference call,https://iate.europa.eu/entry/result/1758301,1758301,Redirection,
audio conference call,https://iate.europa.eu/entry/result/1758301,1758301,Term,
audioconference,https://iate.europa.eu/entry/result/1758301,1758301,Term,
audioconferencing,https://iate.europa.eu/entry/result/1758301,1758301,Redirection,
teleconference,https://iate.europa.eu/entry/result/778556,778556,Term,
teleconferencing,https://iate.europa.eu/entry/result/778556,778556,Redirection,
SSI,https://iate.europa.eu/entry/result/3589895,3589895,Abbrev,
Solvency Instrument,https://iate.europa.eu/entry/result/3589895,3589895,Term,
Solvency Support Instrument,https://iate.europa.eu/entry/result/3589895,3589895,Term,
European Recovery and Resilience Facility,https://iate.europa.eu/entry/result/3589821,3589821,Redirection,
RRF,https://iate.europa.eu/entry/result/3589821,3589821,Abbrev,
RRF,https://iate.europa.eu/entry/result/3589821,3589821,Redirection,
Recovery and Resilience Facility,https://iate.europa.eu/entry/result/3589821,3589821,Term,
Recovery and Resilience tool,https://iate.europa.eu/entry/result/3589821,3589821,Redirection,
paediatric multi-system inflammatory syndrome temporally associated with COVID-19,https://iate.europa.eu/entry/result/3589724,3589724,Redirection,
paediatric multisystem inflammatory syndrome temporally associated with COVID-19,https://iate.europa.eu/entry/result/3589724,3589724,Term,
pediatric multi-system inflammatory syndrome,https://iate.europa.eu/entry/result/3589724,3589724,Redirection,
PIMS-TS,https://iate.europa.eu/entry/result/3589724,3589724,Abbrev,
pediatric multi-system inflammatory syndrome temporally associated with COVID-19,https://iate.europa.eu/entry/result/3589724,3589724,Redirection,
pediatric multisystem inflammatory syndrome,https://iate.europa.eu/entry/result/3589724,3589724,Redirection,
paediatric multi-system inflammatory syndrome,https://iate.europa.eu/entry/result/3589724,3589724,Redirection,
paediatric multisystem inflammatory syndrome,https://iate.europa.eu/entry/result/3589724,3589724,Short Form,
pediatric multisystem inflammatory syndrome temporally associated with COVID-19,https://iate.europa.eu/entry/result/3589724,3589724,Redirection,
PMIS-TS,https://iate.europa.eu/entry/result/3589724,3589724,Abbrev,
SURE instrument,https://iate.europa.eu/entry/result/3589328,3589328,Term,
SURE,https://iate.europa.eu/entry/result/3589328,3589328,Abbrev,
European instrument for temporary Support to mitigate Unemployment Risks in an Emergency,https://iate.europa.eu/entry/result/3589328,3589328,Term,
Support to mitigate Unemployment Risks in an Emergency,https://iate.europa.eu/entry/result/3589328,3589328,Term,
rescEU stockpile,https://iate.europa.eu/entry/result/3589152,3589152,Term,
rescEU capacity,https://iate.europa.eu/entry/result/3589152,3589152,Term,
pandemic,https://iate.europa.eu/entry/result/36453,36453,Term,preferred
global outbreak,https://iate.europa.eu/entry/result/36453,36453,Term,admitted
critical workers,https://iate.europa.eu/entry/result/3589565,3589565,Term,
essential staff,https://iate.europa.eu/entry/result/3589565,3589565,Term,
critical staff,https://iate.europa.eu/entry/result/3589565,3589565,Term,
essential workers,https://iate.europa.eu/entry/result/3589565,3589565,Term,
super spreader,https://iate.europa.eu/entry/result/3589524,3589524,Term,
superspreader,https://iate.europa.eu/entry/result/3589524,3589524,Redirection,
green lane,https://iate.europa.eu/entry/result/3589224,3589224,Term,
‘green lane’ border crossing,https://iate.europa.eu/entry/result/3589224,3589224,Term,
European Emergency Response Coordinator,https://iate.europa.eu/entry/result/3588677,3588677,Term,
COVID-19 recapitalisation measure,https://iate.europa.eu/entry/result/3589675,3589675,Term,
Coronavirus Global Response Pledge Conference,https://iate.europa.eu/entry/result/3590045,3590045,Term,
Coronavirus Global Response Summit,https://iate.europa.eu/entry/result/3590045,3590045,Term,
Coronavirus Global Response Pledging Conference,https://iate.europa.eu/entry/result/3590045,3590045,Term,
Coronavirus Global Response Online Pledging Event,https://iate.europa.eu/entry/result/3590045,3590045,Redirection,
Coronavirus Global Response International Pledging Event,https://iate.europa.eu/entry/result/3590045,3590045,Redirection,
ACT Accelerator,https://iate.europa.eu/entry/result/3589632,3589632,Short Form,
Access to COVID-19 Tools Accelerator,https://iate.europa.eu/entry/result/3589632,3589632,Term,
respirator,https://iate.europa.eu/entry/result/3589344,3589344,Term,
particulate respirator,https://iate.europa.eu/entry/result/3589344,3589344,Term,
FFP,https://iate.europa.eu/entry/result/3589344,3589344,Abbrev,
maintenance-free dust respirator,https://iate.europa.eu/entry/result/3589344,3589344,Term,admitted
respirator mask,https://iate.europa.eu/entry/result/3589344,3589344,Redirection,
filtering facepiece,https://iate.europa.eu/entry/result/3589344,3589344,Term,
filter mask,https://iate.europa.eu/entry/result/3589344,3589344,Term,
excess deaths,https://iate.europa.eu/entry/result/3589872,3589872,Term,
patronage voucher,https://iate.europa.eu/entry/result/3589758,3589758,Term,
Global Preparedness Monitoring Board,https://iate.europa.eu/entry/result/3582137,3582137,Term,
GPMB,https://iate.europa.eu/entry/result/3582137,3582137,Abbrev,
Global Preparedness Monitory Board,https://iate.europa.eu/entry/result/3582137,3582137,Redirection,
recovery,https://iate.europa.eu/entry/result/3589563,3589563,Term,
K value,https://iate.europa.eu/entry/result/3589913,3589913,Term,
k number,https://iate.europa.eu/entry/result/3589913,3589913,Term,
health crisis,https://iate.europa.eu/entry/result/1915095,1915095,Term,
healthcare worker,https://iate.europa.eu/entry/result/1687927,1687927,Term,
health worker,https://iate.europa.eu/entry/result/1687927,1687927,Term,
health care worker,https://iate.europa.eu/entry/result/1687927,1687927,Redirection,
health workers,https://iate.europa.eu/entry/result/1687927,1687927,Redirection,
Clearinghouse for medical equipment,https://iate.europa.eu/entry/result/3589461,3589461,Redirection,
clearing house,https://iate.europa.eu/entry/result/3589461,3589461,Short Form,
Clearing house for medical equipment,https://iate.europa.eu/entry/result/3589461,3589461,Term,
health professional,https://iate.europa.eu/entry/result/866579,866579,Term,
health care professional,https://iate.europa.eu/entry/result/866579,866579,Term,
healthcare professional,https://iate.europa.eu/entry/result/866579,866579,Redirection,
qualified health professional,https://iate.europa.eu/entry/result/866579,866579,Redirection,
coronavirus emergency,https://iate.europa.eu/entry/result/3589498,3589498,Term,
"undiagnosed, symptomatic patient",https://iate.europa.eu/entry/result/3589418,3589418,Term,
undetected case,https://iate.europa.eu/entry/result/3589418,3589418,Term,
index case,https://iate.europa.eu/entry/result/1431898,1431898,Term,
index patient,https://iate.europa.eu/entry/result/1431898,1431898,Term,
party zero,https://iate.europa.eu/entry/result/1431898,1431898,Term,deprecated
patient zero,https://iate.europa.eu/entry/result/1431898,1431898,Term,deprecated
primary case,https://iate.europa.eu/entry/result/1109370,1109370,Term,
diagnostic sensitivity,https://iate.europa.eu/entry/result/3510353,3510353,Term,
analytical sensitivity,https://iate.europa.eu/entry/result/1704783,1704783,Term,
antigen test,https://iate.europa.eu/entry/result/3545037,3545037,Term,
antibody test,https://iate.europa.eu/entry/result/3570285,3570285,Term,
community face covering,https://iate.europa.eu/entry/result/3589571,3589571,Term,admitted
community face mask,https://iate.europa.eu/entry/result/3589571,3589571,Term,
non-medical mask,https://iate.europa.eu/entry/result/3589571,3589571,Term,
fabric mask,https://iate.europa.eu/entry/result/3589571,3589571,Term,
community mask,https://iate.europa.eu/entry/result/3589571,3589571,Term,
non-medical face mask,https://iate.europa.eu/entry/result/3589571,3589571,Term,
non-propagative diagnostic laboratory work,https://iate.europa.eu/entry/result/3589820,3589820,Term,
propagative work,https://iate.europa.eu/entry/result/3589819,3589819,Term,
intensivist,https://iate.europa.eu/entry/result/1267193,1267193,Term,
Statement on Data Sharing in Public Health Emergency,https://iate.europa.eu/entry/result/3589510,3589510,Term,
Statement on data sharing in public health emergencies,https://iate.europa.eu/entry/result/3589510,3589510,Term,
intermediate product,https://iate.europa.eu/entry/result/3589877,3589877,Term,
intermediate,https://iate.europa.eu/entry/result/3589877,3589877,Term,
chlorpromazine,https://iate.europa.eu/entry/result/1666724,1666724,Term,
CPZ,https://iate.europa.eu/entry/result/1666724,1666724,Abbrev,
in-house device,https://iate.europa.eu/entry/result/3589454,3589454,Term,
crisis repair action,https://iate.europa.eu/entry/result/3590022,3590022,Redirection,
crisis repair,https://iate.europa.eu/entry/result/3590022,3590022,Term,
crisis repair measure,https://iate.europa.eu/entry/result/3590022,3590022,Redirection,
Gavi Alliance,https://iate.europa.eu/entry/result/924418,924418,Appellation,
Gavi,https://iate.europa.eu/entry/result/924418,924418,Abbrev,
the Vaccine Alliance,https://iate.europa.eu/entry/result/924418,924418,Redirection,
GAVI Alliance,https://iate.europa.eu/entry/result/924418,924418,Redirection,
"Gavi, the Vaccine Alliance",https://iate.europa.eu/entry/result/924418,924418,Appellation,
Global Alliance for Vaccines and Immunization,https://iate.europa.eu/entry/result/924418,924418,Appellation,obsolete
unlikeliness to pay,https://iate.europa.eu/entry/result/3582231,3582231,Term,
degradation of references,https://iate.europa.eu/entry/result/3589771,3589771,Term,
proximity detection,https://iate.europa.eu/entry/result/3589731,3589731,Term,
IFR,https://iate.europa.eu/entry/result/3589983,3589983,Term,
infection fatality rate,https://iate.europa.eu/entry/result/3589983,3589983,Term,
cross-immunity,https://iate.europa.eu/entry/result/1751328,1751328,Term,
cross-protection,https://iate.europa.eu/entry/result/1751328,1751328,Term,
CRISPR associated protein 9,https://iate.europa.eu/entry/result/3589630,3589630,Term,
Cas9 protein,https://iate.europa.eu/entry/result/3589630,3589630,Term,
Cas9,https://iate.europa.eu/entry/result/3589630,3589630,Abbrev,
new normal,https://iate.europa.eu/entry/result/3589879,3589879,Term,
air bridge,https://iate.europa.eu/entry/result/3589834,3589834,Term,
testing kit,https://iate.europa.eu/entry/result/3589469,3589469,Term,
test kit,https://iate.europa.eu/entry/result/3589469,3589469,Term,
COVID-19 passport,https://iate.europa.eu/entry/result/3589614,3589614,Term,
mesenchymal stem cell,https://iate.europa.eu/entry/result/1065129,1065129,Term,
MSC,https://iate.europa.eu/entry/result/1065129,1065129,Abbrev,
interrupted transmission,https://iate.europa.eu/entry/result/3589797,3589797,Term,
local transmission,https://iate.europa.eu/entry/result/3589796,3589796,Term,
epidemic curve,https://iate.europa.eu/entry/result/1111568,1111568,Term,
epi curve,https://iate.europa.eu/entry/result/1111568,1111568,Redirection,
inflammation,https://iate.europa.eu/entry/result/1529310,1529310,Term,
inflammatory response,https://iate.europa.eu/entry/result/1529310,1529310,Term,
respiratory tract infection,https://iate.europa.eu/entry/result/2251338,2251338,Term,
symptomatic transmission,https://iate.europa.eu/entry/result/3589703,3589703,Term,
secondary case,https://iate.europa.eu/entry/result/3589557,3589557,Term,
CEPI,https://iate.europa.eu/entry/result/3571551,3571551,Abbrev,
Coalition for Epidemic Preparedness Innovations,https://iate.europa.eu/entry/result/3571551,3571551,Appellation,
maximum containment laboratory,https://iate.europa.eu/entry/result/3589825,3589825,Term,
nasopharyngeal aspirate,https://iate.europa.eu/entry/result/3589554,3589554,Term,
NP swab,https://iate.europa.eu/entry/result/1686891,1686891,Abbrev,
nasopharyngeal swab,https://iate.europa.eu/entry/result/1686891,1686891,Term,
elimination of infections,https://iate.europa.eu/entry/result/3589521,3589521,Term,
infectious disease elimination,https://iate.europa.eu/entry/result/3589520,3589520,Term,
disease elimination,https://iate.europa.eu/entry/result/3589520,3589520,Term,
convalescent plasma,https://iate.europa.eu/entry/result/3589493,3589493,Term,
active immunisation,https://iate.europa.eu/entry/result/1528593,1528593,Term,
active immunization,https://iate.europa.eu/entry/result/1528593,1528593,Redirection,
passive immunisation,https://iate.europa.eu/entry/result/1684730,1684730,Term,
passive immunization,https://iate.europa.eu/entry/result/1684730,1684730,Redirection,
protein domain,https://iate.europa.eu/entry/result/3589549,3589549,Term,
RBDs,https://iate.europa.eu/entry/result/3589292,3589292,Redirection,
receptor-binding domain,https://iate.europa.eu/entry/result/3589292,3589292,Term,
RBD,https://iate.europa.eu/entry/result/3589292,3589292,Term,
hypercytokinemia,https://iate.europa.eu/entry/result/3589551,3589551,Term,
cytokine storm,https://iate.europa.eu/entry/result/3589551,3589551,Term,
cytokine storm syndrome,https://iate.europa.eu/entry/result/3589551,3589551,Term,
interleukin,https://iate.europa.eu/entry/result/1684573,1684573,Term,
IL,https://iate.europa.eu/entry/result/1684573,1684573,Abbrev,
interleukine,https://iate.europa.eu/entry/result/1684573,1684573,Redirection,
IFN,https://iate.europa.eu/entry/result/1529957,1529957,Abbrev,
interferon,https://iate.europa.eu/entry/result/1529957,1529957,Term,
zoonotic spillover,https://iate.europa.eu/entry/result/3589425,3589425,Term,
spillover,https://iate.europa.eu/entry/result/3589425,3589425,Short Form,
zoonotic pathogen spillover,https://iate.europa.eu/entry/result/3589425,3589425,Term,
disposable particulate respirator,https://iate.europa.eu/entry/result/3589401,3589401,Term,
disposable respirator,https://iate.europa.eu/entry/result/3589401,3589401,Term,
disposable respirator mask,https://iate.europa.eu/entry/result/3589401,3589401,Term,
reusable respirator,https://iate.europa.eu/entry/result/3589432,3589432,Term,
reusable particulate respirator,https://iate.europa.eu/entry/result/3589432,3589432,Term,
reusable respirator mask,https://iate.europa.eu/entry/result/3589432,3589432,Term,
civil confinement,https://iate.europa.eu/entry/result/3589438,3589438,Term,
silent spreader,https://iate.europa.eu/entry/result/3589548,3589548,Term,
budding,https://iate.europa.eu/entry/result/3589544,3589544,Term,
viral budding,https://iate.europa.eu/entry/result/3589544,3589544,Term,
hemagglutinin-acetylesterase glycoprotein,https://iate.europa.eu/entry/result/3589555,3589555,Redirection,
haemagglutinin-esterase fusion glycoprotein,https://iate.europa.eu/entry/result/3589555,3589555,Term,
HEF,https://iate.europa.eu/entry/result/3589555,3589555,Abbrev,
biological membrane,https://iate.europa.eu/entry/result/1073438,1073438,Term,
membrane glycoprotein,https://iate.europa.eu/entry/result/3589547,3589547,Term,
membrane protein,https://iate.europa.eu/entry/result/1073484,1073484,Term,
N protein,https://iate.europa.eu/entry/result/1049355,1049355,Term,
nucleocapsid protein,https://iate.europa.eu/entry/result/1049355,1049355,Term,
envelope glycoprotein,https://iate.europa.eu/entry/result/1186713,1186713,Term,
Strategic Preparedness and Response Plan,https://iate.europa.eu/entry/result/3589535,3589535,Term,
COVID-19 Data Portal,https://iate.europa.eu/entry/result/3589533,3589533,Term,
COVID-19 Portal,https://iate.europa.eu/entry/result/3589533,3589533,Term,
donor conference,https://iate.europa.eu/entry/result/844144,844144,Redirection,
donors conference,https://iate.europa.eu/entry/result/844144,844144,Redirection,
pledging conference,https://iate.europa.eu/entry/result/844144,844144,Term,
donors' conference,https://iate.europa.eu/entry/result/844144,844144,Term,
pledging event,https://iate.europa.eu/entry/result/844144,844144,Term,
pledging summit,https://iate.europa.eu/entry/result/844144,844144,Redirection,
World Immunization Week,https://iate.europa.eu/entry/result/3589526,3589526,Redirection,
World Immunisation Week,https://iate.europa.eu/entry/result/3589526,3589526,Term,
ERAvsCorona Action Plan,https://iate.europa.eu/entry/result/3589497,3589497,Term,
AIID,https://iate.europa.eu/entry/result/1431364,1431364,Abbrev,admitted
acquired immunity,https://iate.europa.eu/entry/result/1431364,1431364,Term,
specific immunity,https://iate.europa.eu/entry/result/1431364,1431364,Term,
acquired immunity against infectious disease,https://iate.europa.eu/entry/result/1431364,1431364,Term,admitted
adaptive immunity,https://iate.europa.eu/entry/result/1431364,1431364,Term,
rapid antigen test,https://iate.europa.eu/entry/result/3589468,3589468,Term,
rapid antigen detection test,https://iate.europa.eu/entry/result/3589468,3589468,Term,
RADT,https://iate.europa.eu/entry/result/3589468,3589468,Abbrev,
RAT,https://iate.europa.eu/entry/result/3589468,3589468,Term,
rapid antigen assay,https://iate.europa.eu/entry/result/3589468,3589468,Term,
rapid test,https://iate.europa.eu/entry/result/48564,48564,Term,
RDT,https://iate.europa.eu/entry/result/48564,48564,Abbrev,
rapid diagnostic test,https://iate.europa.eu/entry/result/48564,48564,Term,
epidemiological investigation,https://iate.europa.eu/entry/result/1353735,1353735,Redirection,
epidemiological study,https://iate.europa.eu/entry/result/1353735,1353735,Term,preferred
epidemiological survey,https://iate.europa.eu/entry/result/1353735,1353735,Term,
self-test,https://iate.europa.eu/entry/result/160302,160302,Term,
suppression,https://iate.europa.eu/entry/result/3589320,3589320,Term,
DNA vaccine,https://iate.europa.eu/entry/result/1878795,1878795,Term,
distance study,https://iate.europa.eu/entry/result/771416,771416,Redirection,
distributed learning,https://iate.europa.eu/entry/result/771416,771416,Redirection,
online learning,https://iate.europa.eu/entry/result/771416,771416,Term,
e-learning,https://iate.europa.eu/entry/result/771416,771416,Redirection,
remote learning,https://iate.europa.eu/entry/result/771416,771416,Term,
distance learning,https://iate.europa.eu/entry/result/771416,771416,Term,
DL,https://iate.europa.eu/entry/result/771416,771416,Redirection,
infected user,https://iate.europa.eu/entry/result/3589735,3589735,Term,
cross-frontier worker,https://iate.europa.eu/entry/result/766986,766986,Redirection,
cross-border worker,https://iate.europa.eu/entry/result/766986,766986,Term,
cross-border commuter,https://iate.europa.eu/entry/result/766986,766986,Term,
building back better,https://iate.europa.eu/entry/result/3589765,3589765,Term,
build back better,https://iate.europa.eu/entry/result/3589765,3589765,Term,
public health security,https://iate.europa.eu/entry/result/928615,928615,Term,
health security,https://iate.europa.eu/entry/result/928615,928615,Term,
supply route,https://iate.europa.eu/entry/result/1676520,1676520,Term,
escape clause,https://iate.europa.eu/entry/result/3589209,3589209,Term,
general escape clause,https://iate.europa.eu/entry/result/3589209,3589209,Term,
replenishment conference,https://iate.europa.eu/entry/result/3589729,3589729,Term,
first-mover advantage,https://iate.europa.eu/entry/result/873471,873471,Redirection,
first mover advantage,https://iate.europa.eu/entry/result/873471,873471,Term,
FMA,https://iate.europa.eu/entry/result/873471,873471,Abbrev,
virtual conference,https://iate.europa.eu/entry/result/2222229,2222229,Redirection,
webconference,https://iate.europa.eu/entry/result/2222229,2222229,Term,
webconferencing,https://iate.europa.eu/entry/result/2222229,2222229,Redirection,
web conference,https://iate.europa.eu/entry/result/2222229,2222229,Term,
online conference,https://iate.europa.eu/entry/result/2222229,2222229,Term,
containment laboratory,https://iate.europa.eu/entry/result/3544534,3544534,Term,preferred
high containment laboratory,https://iate.europa.eu/entry/result/3544534,3544534,Term,admitted
infection rate,https://iate.europa.eu/entry/result/1431908,1431908,Term,
transmission rate,https://iate.europa.eu/entry/result/1431908,1431908,Term,
technologies,https://iate.europa.eu/entry/result/824386,824386,Redirection,
cleantech,https://iate.europa.eu/entry/result/824386,824386,Short Form,
clean technology,https://iate.europa.eu/entry/result/824386,824386,Term,
direct investment,https://iate.europa.eu/entry/result/877217,877217,Short Form,
DFI,https://iate.europa.eu/entry/result/877217,877217,Abbrev,
direct foreign investment,https://iate.europa.eu/entry/result/877217,877217,Term,
FDI,https://iate.europa.eu/entry/result/877217,877217,Abbrev,
cross-border direct investment,https://iate.europa.eu/entry/result/877217,877217,Redirection,
foreign direct investment,https://iate.europa.eu/entry/result/877217,877217,Term,
international direct investment,https://iate.europa.eu/entry/result/877217,877217,Redirection,
droplet transmission,https://iate.europa.eu/entry/result/3589708,3589708,Term,
direct contact transmission,https://iate.europa.eu/entry/result/3589713,3589713,Term,
close contact,https://iate.europa.eu/entry/result/3503204,3503204,Term,
myocardium,https://iate.europa.eu/entry/result/1076834,1076834,Term,
indirect contact transmission,https://iate.europa.eu/entry/result/3589714,3589714,Term,
droplet nucleus,https://iate.europa.eu/entry/result/3589710,3589710,Term,
myocarditis,https://iate.europa.eu/entry/result/1685300,1685300,Term,
medical desert,https://iate.europa.eu/entry/result/3589934,3589934,Term,
compartmental model,https://iate.europa.eu/entry/result/3589909,3589909,Term,
airborne transmission,https://iate.europa.eu/entry/result/2247364,2247364,Term,
concerned Member State,https://iate.europa.eu/entry/result/34937,34937,Term,
CMS,https://iate.europa.eu/entry/result/34937,34937,Abbrev,
period of communicability,https://iate.europa.eu/entry/result/1109325,1109325,Term,
communicable period,https://iate.europa.eu/entry/result/1109325,1109325,Term,
RMS,https://iate.europa.eu/entry/result/35058,35058,Abbrev,
reference Member State,https://iate.europa.eu/entry/result/35058,35058,Term,
contact transmission,https://iate.europa.eu/entry/result/3589712,3589712,Term,
pre-symptomatic transmission,https://iate.europa.eu/entry/result/3589704,3589704,Term,
asymptomatic transmission,https://iate.europa.eu/entry/result/3589706,3589706,Term,
droplet,https://iate.europa.eu/entry/result/1645565,1645565,Term,
triage,https://iate.europa.eu/entry/result/1085689,1085689,Term,
clearing house for medical equipment (COVID-19),https://iate.europa.eu/entry/result/3589460,3589460,Term,
cornerstone,https://iate.europa.eu/entry/result/3589745,3589745,Term,
mature medicinal product,https://iate.europa.eu/entry/result/3589745,3589745,Term,
mature product,https://iate.europa.eu/entry/result/3589745,3589745,Term,
mature pharmaceutical,https://iate.europa.eu/entry/result/3589745,3589745,Term,
exit strategy,https://iate.europa.eu/entry/result/3589749,3589749,Term,
COVID-19 exit strategy,https://iate.europa.eu/entry/result/3589749,3589749,Term,
hospital grade air filtering,https://iate.europa.eu/entry/result/3589721,3589721,Term,
Universal Health Coverage Partnership,https://iate.europa.eu/entry/result/3589751,3589751,Term,
dynamic compartmental model,https://iate.europa.eu/entry/result/3589647,3589647,Term,
medical stockpiling,https://iate.europa.eu/entry/result/3589132,3589132,Term,
stockpiling of medical countermeasures,https://iate.europa.eu/entry/result/3589132,3589132,Term,
hazmat suit,https://iate.europa.eu/entry/result/3589487,3589487,Term,
chemical protective coverall,https://iate.europa.eu/entry/result/3589487,3589487,Term,
hazardous materials suit,https://iate.europa.eu/entry/result/3589487,3589487,Term,
decontamination suit,https://iate.europa.eu/entry/result/3589487,3589487,Term,
Kawasaki syndrome,https://iate.europa.eu/entry/result/3589690,3589690,Term,
KS,https://iate.europa.eu/entry/result/3589690,3589690,Abbrev,
Kawasaki disease,https://iate.europa.eu/entry/result/3589690,3589690,Term,
Kawasaki's disease,https://iate.europa.eu/entry/result/3589690,3589690,Redirection,
controlled study,https://iate.europa.eu/entry/result/3589693,3589693,Term,
pandemic emergency purchase programme,https://iate.europa.eu/entry/result/3589188,3589188,Term,
PEPP,https://iate.europa.eu/entry/result/3589188,3589188,Abbrev,
immune system,https://iate.europa.eu/entry/result/1073794,1073794,Term,
hypoxaemia,https://iate.europa.eu/entry/result/1685660,1685660,Term,
hypoxemia,https://iate.europa.eu/entry/result/1685660,1685660,Redirection,
hypoxia,https://iate.europa.eu/entry/result/1085075,1085075,Term,
silent hypoxia,https://iate.europa.eu/entry/result/3589644,3589644,Term,
happy hypoxia,https://iate.europa.eu/entry/result/3589644,3589644,Term,
outbreak of a disease,https://iate.europa.eu/entry/result/834662,834662,Term,
disease outbreak,https://iate.europa.eu/entry/result/834662,834662,Term,
outbreak,https://iate.europa.eu/entry/result/834662,834662,Short Form,
epidemiological heuristics,https://iate.europa.eu/entry/result/3589730,3589730,Term,
foreign investment,https://iate.europa.eu/entry/result/3573101,3573101,Term,
conference call,https://iate.europa.eu/entry/result/1575131,1575131,Term,
physical distancing,https://iate.europa.eu/entry/result/3589716,3589716,Term,
crisis preparedness plan,https://iate.europa.eu/entry/result/3589702,3589702,Term,
Green Recovery Alliance,https://iate.europa.eu/entry/result/3590138,3590138,Term,
face mask,https://iate.europa.eu/entry/result/1520862,1520862,Term,admitted
facemask,https://iate.europa.eu/entry/result/1520862,1520862,Redirection,
procedural mask,https://iate.europa.eu/entry/result/1520862,1520862,Redirection,
protective mask,https://iate.europa.eu/entry/result/1520862,1520862,Term,admitted
surgical mask,https://iate.europa.eu/entry/result/1520862,1520862,Term,
procedure mask,https://iate.europa.eu/entry/result/1520862,1520862,Term,
medical mask,https://iate.europa.eu/entry/result/1520862,1520862,Term,
facemasks,https://iate.europa.eu/entry/result/1520862,1520862,Redirection,
medical face mask,https://iate.europa.eu/entry/result/1520862,1520862,Term,
Global Monitor on Democracy and Human Rights,https://iate.europa.eu/entry/result/3590316,3590316,Term,
Global Monitor of COVID19´s Impact on Democracy and Human Rights,https://iate.europa.eu/entry/result/3590316,3590316,Term,
Global Monitor,https://iate.europa.eu/entry/result/3590316,3590316,Short Form,
distance teaching,https://iate.europa.eu/entry/result/755503,755503,Term,
online teaching,https://iate.europa.eu/entry/result/755503,755503,Term,
high risk potential contact,https://iate.europa.eu/entry/result/3589184,3589184,Term,
Coronavirus Response Instrument Initiative,https://iate.europa.eu/entry/result/3589090,3589090,Redirection,
Coronavirus Response Investment Initiative,https://iate.europa.eu/entry/result/3589090,3589090,Term,
CRII,https://iate.europa.eu/entry/result/3589090,3589090,Abbrev,
COVID-19 Response Investment Initiative,https://iate.europa.eu/entry/result/3589090,3589090,Redirection,
Corona Response Investment Initiative,https://iate.europa.eu/entry/result/3589090,3589090,Redirection,
sovereign nation,https://iate.europa.eu/entry/result/1588948,1588948,Term,
independent state,https://iate.europa.eu/entry/result/1588948,1588948,Redirection,
sovereign,https://iate.europa.eu/entry/result/1588948,1588948,Redirection,
sovereign state,https://iate.europa.eu/entry/result/1588948,1588948,Term,preferred
false negative result,https://iate.europa.eu/entry/result/1109058,1109058,Redirection,
false-negative,https://iate.europa.eu/entry/result/1109058,1109058,Term,
false negative,https://iate.europa.eu/entry/result/1109058,1109058,Term,
type 2 error,https://iate.europa.eu/entry/result/1109058,1109058,Term,
type II error,https://iate.europa.eu/entry/result/1109058,1109058,Term,
video conference,https://iate.europa.eu/entry/result/755778,755778,Term,
videoconferencing,https://iate.europa.eu/entry/result/755778,755778,Redirection,
videoconference,https://iate.europa.eu/entry/result/755778,755778,Term,
video meeting,https://iate.europa.eu/entry/result/755778,755778,Redirection,
videomeeting,https://iate.europa.eu/entry/result/755778,755778,Redirection,
VC,https://iate.europa.eu/entry/result/755778,755778,Abbrev,
video conference call,https://iate.europa.eu/entry/result/755778,755778,Term,
remdesivir,https://iate.europa.eu/entry/result/3589333,3589333,Term,
contained use,https://iate.europa.eu/entry/result/1442771,1442771,Term,
Marshall Aid Plan,https://iate.europa.eu/entry/result/791197,791197,Redirection,
ERP,https://iate.europa.eu/entry/result/791197,791197,Abbrev,
European Recovery Programme,https://iate.europa.eu/entry/result/791197,791197,Term,
Marshall Plan,https://iate.europa.eu/entry/result/791197,791197,Term,
physical distancing,https://iate.europa.eu/entry/result/3503043,3503043,Term,proposed
spatial distancing,https://iate.europa.eu/entry/result/3503043,3503043,Term,proposed
restrictions on social interaction,https://iate.europa.eu/entry/result/3503043,3503043,Redirection,
social distancing,https://iate.europa.eu/entry/result/3503043,3503043,Term,
community distancing,https://iate.europa.eu/entry/result/3503043,3503043,Redirection,deprecated
headroom,https://iate.europa.eu/entry/result/3589763,3589763,Term,
Temporary Framework for State aid measures,https://iate.europa.eu/entry/result/3589363,3589363,Term,
Temporary Framework for State aid measures to support the economy in the current COVID-19 outbreak,https://iate.europa.eu/entry/result/3589363,3589363,Term,
State aid Temporary Framework,https://iate.europa.eu/entry/result/3589363,3589363,Term,
temporary framework for State aid measures,https://iate.europa.eu/entry/result/3589363,3589363,Redirection,
EU+ area,https://iate.europa.eu/entry/result/3589356,3589356,Term,
AAA rating,https://iate.europa.eu/entry/result/1464965,1464965,Term,
triple-A credit rating,https://iate.europa.eu/entry/result/1464965,1464965,Term,
AAA,https://iate.europa.eu/entry/result/1464965,1464965,Abbrev,
triple-A rating,https://iate.europa.eu/entry/result/1464965,1464965,Term,
value chain,https://iate.europa.eu/entry/result/1220965,1220965,Term,
added value chain,https://iate.europa.eu/entry/result/1220965,1220965,Term,
value-added chain,https://iate.europa.eu/entry/result/1220965,1220965,Term,
testing material,https://iate.europa.eu/entry/result/3589591,3589591,Term,
testing supplies,https://iate.europa.eu/entry/result/3589591,3589591,Term,
COVID-19 testing material,https://iate.europa.eu/entry/result/3589591,3589591,Term,
strategic value chain,https://iate.europa.eu/entry/result/3589540,3589540,Term,
CRII+,https://iate.europa.eu/entry/result/3589335,3589335,Abbrev,
Coronavirus Response Investment Initiative Plus,https://iate.europa.eu/entry/result/3589335,3589335,Term,
COVID-19 Communication Support System,https://iate.europa.eu/entry/result/3589299,3589299,Term,
COVID19 CMSS,https://iate.europa.eu/entry/result/3589299,3589299,Abbrev,preferred
COVID-19 clinical management support system,https://iate.europa.eu/entry/result/3589299,3589299,Short Form,admitted
CMSS,https://iate.europa.eu/entry/result/3589299,3589299,Abbrev,
webconferencing COVID-19 clinical management support system,https://iate.europa.eu/entry/result/3589299,3589299,Term,
COVID19 clinical management support system,https://iate.europa.eu/entry/result/3589299,3589299,Term,preferred
severe acute respiratory syndrome-related coronavirus,https://iate.europa.eu/entry/result/389626,389626,Term,
SARS-associated coronavirus,https://iate.europa.eu/entry/result/389626,389626,Term,
essential medicine,https://iate.europa.eu/entry/result/302729,302729,Term,
resurgence,https://iate.europa.eu/entry/result/3589754,3589754,Term,
European Roadmap towards lifting coronavirus containment measures,https://iate.europa.eu/entry/result/3589471,3589471,Term,
joint European Roadmap towards lifting COVID-19 containment measures,https://iate.europa.eu/entry/result/3589471,3589471,Term,
European roadmap to lifting coronavirus containment measures,https://iate.europa.eu/entry/result/3589471,3589471,Redirection,
common EU exit strategy,https://iate.europa.eu/entry/result/3589471,3589471,Redirection,
personal protection measure,https://iate.europa.eu/entry/result/3589517,3589517,Redirection,
everyday preventive action,https://iate.europa.eu/entry/result/3589517,3589517,Term,
personal NPI,https://iate.europa.eu/entry/result/3589517,3589517,Short Form,
personal protective measure,https://iate.europa.eu/entry/result/3589517,3589517,Term,
personal non-pharmaceutical intervention,https://iate.europa.eu/entry/result/3589517,3589517,Term,
barrier gesture,https://iate.europa.eu/entry/result/3589517,3589517,Redirection,
exposed user,https://iate.europa.eu/entry/result/3589733,3589733,Term,
exposure alert,https://iate.europa.eu/entry/result/3589734,3589734,Term,
nasal wash,https://iate.europa.eu/entry/result/35486,35486,Term,
repeat use procedure,https://iate.europa.eu/entry/result/3589773,3589773,Term,
magistral formula,https://iate.europa.eu/entry/result/764448,764448,Term,
magistral preparation,https://iate.europa.eu/entry/result/764448,764448,Term,
medicine made up according to prescription,https://iate.europa.eu/entry/result/764448,764448,Redirection,
furlough,https://iate.europa.eu/entry/result/3589709,3589709,Term,
COVID-19 crisis,https://iate.europa.eu/entry/result/3589338,3589338,Phrase,preferred
coronavirus crisis,https://iate.europa.eu/entry/result/3589338,3589338,Term,
COVID-19 infection,https://iate.europa.eu/entry/result/3589452,3589452,Term,
infection with SARS-CoV-2,https://iate.europa.eu/entry/result/3589452,3589452,Term,
2019-nCoV acute respiratory disease,https://iate.europa.eu/entry/result/3588486,3588486,Term,obsolete
COVID-19,https://iate.europa.eu/entry/result/3588486,3588486,Term,
coronavirus disease 2019,https://iate.europa.eu/entry/result/3588486,3588486,Term,
coronavirus disease,https://iate.europa.eu/entry/result/3588486,3588486,Term,admitted
large-volume parenteral,https://iate.europa.eu/entry/result/3588240,3588240,Short Form,
LVP solution,https://iate.europa.eu/entry/result/3588240,3588240,Term,
large volume parenteral solution,https://iate.europa.eu/entry/result/3588240,3588240,Term,
LVP,https://iate.europa.eu/entry/result/3588240,3588240,Abbrev,
NPT,https://iate.europa.eu/entry/result/3545441,3545441,Abbrev,
POCT,https://iate.europa.eu/entry/result/3545441,3545441,Abbrev,
device for near-patient testing,https://iate.europa.eu/entry/result/3545441,3545441,Redirection,
point-of-care testing,https://iate.europa.eu/entry/result/3545441,3545441,Term,
bedside testing,https://iate.europa.eu/entry/result/3545441,3545441,Term,
near-patient testing,https://iate.europa.eu/entry/result/3545441,3545441,Term,
global rules-based international order,https://iate.europa.eu/entry/result/3578688,3578688,Redirection,
rules-based international order,https://iate.europa.eu/entry/result/3578688,3578688,Term,
rules-based international system,https://iate.europa.eu/entry/result/3578688,3578688,Term,
rules-based global order,https://iate.europa.eu/entry/result/3578688,3578688,Redirection,
RBIS,https://iate.europa.eu/entry/result/3578688,3578688,Abbrev,
off-label use,https://iate.europa.eu/entry/result/927305,927305,Term,
point-of-care diagnostic test,https://iate.europa.eu/entry/result/1867226,1867226,Term,
near-patient test,https://iate.europa.eu/entry/result/1867226,1867226,Term,
CEAOB,https://iate.europa.eu/entry/result/3555481,3555481,Abbrev,
Committee of European Auditing Oversight Bodies,https://iate.europa.eu/entry/result/3555481,3555481,Term,
non-legislative moratorium,https://iate.europa.eu/entry/result/3589606,3589606,Term,
private moratorium,https://iate.europa.eu/entry/result/3589606,3589606,Term,
moratoria,https://iate.europa.eu/entry/result/3589606,3589606,Redirection,
private payment moratorium,https://iate.europa.eu/entry/result/3589606,3589606,Term,
payment moratoria,https://iate.europa.eu/entry/result/3589606,3589606,Redirection,
short-time working arrangement,https://iate.europa.eu/entry/result/3528010,3528010,Term,
short-time working scheme,https://iate.europa.eu/entry/result/3528010,3528010,Redirection,
short-time scheme,https://iate.europa.eu/entry/result/3528010,3528010,Redirection,
short time working scheme,https://iate.europa.eu/entry/result/3528010,3528010,Term,
short time working arrangement,https://iate.europa.eu/entry/result/3528010,3528010,Redirection,
short-time work scheme,https://iate.europa.eu/entry/result/3528010,3528010,Term,
STWA,https://iate.europa.eu/entry/result/3528010,3528010,Abbrev,
short-time working arrangements,https://iate.europa.eu/entry/result/3528010,3528010,Redirection,
serological study,https://iate.europa.eu/entry/result/3589456,3589456,Term,
sero-epidemiological population survey,https://iate.europa.eu/entry/result/3589456,3589456,Term,
serological survey,https://iate.europa.eu/entry/result/3589456,3589456,Term,
sero-epidemiological study,https://iate.europa.eu/entry/result/3589456,3589456,Term,
population-based seroepidemiological investigation,https://iate.europa.eu/entry/result/3589456,3589456,Term,
on-label use,https://iate.europa.eu/entry/result/3589428,3589428,Term,
adaptive trial,https://iate.europa.eu/entry/result/3574880,3574880,Short Form,
adaptive design clinical trial,https://iate.europa.eu/entry/result/3574880,3574880,Term,preferred
adaptive design clinical study,https://iate.europa.eu/entry/result/3574880,3574880,Redirection,
adaptive clinical trial,https://iate.europa.eu/entry/result/3574880,3574880,Term,
multi-centre adaptive randomised clinical trial,https://iate.europa.eu/entry/result/3589336,3589336,Term,
lifetime probability of default,https://iate.europa.eu/entry/result/3589613,3589613,Term,
lifetime PD,https://iate.europa.eu/entry/result/3589613,3589613,Term,
significant increase in credit risk,https://iate.europa.eu/entry/result/3589612,3589612,Term,
SICR,https://iate.europa.eu/entry/result/3589612,3589612,Term,
infodemic,https://iate.europa.eu/entry/result/3589216,3589216,Short Form,
information epidemic,https://iate.europa.eu/entry/result/3589216,3589216,Term,
public moratorium,https://iate.europa.eu/entry/result/3589608,3589608,Term,
legislative moratorium,https://iate.europa.eu/entry/result/3589608,3589608,Term,
moratoria,https://iate.europa.eu/entry/result/3589608,3589608,Redirection,
statutory payment moratorium,https://iate.europa.eu/entry/result/3589608,3589608,Term,
payment moratoria,https://iate.europa.eu/entry/result/3589608,3589608,Redirection,
statutory moratorium,https://iate.europa.eu/entry/result/3589608,3589608,Term,
public payment moratorium,https://iate.europa.eu/entry/result/3589608,3589608,Term,
de-confinement,https://iate.europa.eu/entry/result/3589445,3589445,Term,
deconfinement,https://iate.europa.eu/entry/result/3589445,3589445,Redirection,
lifting restrictions on movement,https://iate.europa.eu/entry/result/3589445,3589445,Term,
lifting restrictive measures,https://iate.europa.eu/entry/result/3589445,3589445,Term,
lifting containment measures,https://iate.europa.eu/entry/result/3589445,3589445,Term,
lifting lockdown measures,https://iate.europa.eu/entry/result/3589445,3589445,Term,
off-label medicine,https://iate.europa.eu/entry/result/2201460,2201460,Term,
Coronavirus Global Response,https://iate.europa.eu/entry/result/3589725,3589725,Term,
European Recovery Fund,https://iate.europa.eu/entry/result/3589462,3589462,Term,
Recovery Fund,https://iate.europa.eu/entry/result/3589462,3589462,Term,
API,https://iate.europa.eu/entry/result/1890248,1890248,Abbrev,
active pharmaceutical ingredient,https://iate.europa.eu/entry/result/1890248,1890248,Term,
drug substance,https://iate.europa.eu/entry/result/1890248,1890248,Term,
active substance,https://iate.europa.eu/entry/result/1890248,1890248,Redirection,
i-SPOC system,https://iate.europa.eu/entry/result/3589427,3589427,Term,
industry single point of contact system,https://iate.europa.eu/entry/result/3589427,3589427,Term,
basic laboratory,https://iate.europa.eu/entry/result/3589824,3589824,Term,
epidemic,https://iate.europa.eu/entry/result/1109031,1109031,Term,
pharmacy open to the public,https://iate.europa.eu/entry/result/768263,768263,Term,
dispensing chemist,https://iate.europa.eu/entry/result/768263,768263,Term,
community pharmacy,https://iate.europa.eu/entry/result/768263,768263,Term,
dispensing pharmacy,https://iate.europa.eu/entry/result/768263,768263,Term,
retail pharmacy,https://iate.europa.eu/entry/result/768263,768263,Term,
hospital pharmacy,https://iate.europa.eu/entry/result/1430862,1430862,Term,
genetically modified virus,https://iate.europa.eu/entry/result/3589970,3589970,Term,
containment level,https://iate.europa.eu/entry/result/1863832,1863832,Term,
biosafety level,https://iate.europa.eu/entry/result/1863832,1863832,Term,
BSL,https://iate.europa.eu/entry/result/1863832,1863832,Abbrev,
abnormal mortality,https://iate.europa.eu/entry/result/1569120,1569120,Term,
unusual mortality,https://iate.europa.eu/entry/result/1569120,1569120,Redirection,
excess mortality,https://iate.europa.eu/entry/result/1569120,1569120,Term,preferred
VAV ECMO,https://iate.europa.eu/entry/result/3589297,3589297,Abbrev,
veno-arterial-venous ECMO,https://iate.europa.eu/entry/result/3589297,3589297,Short Form,
veno-arterial-venous extracorporeal membrane oxygenation,https://iate.europa.eu/entry/result/3589297,3589297,Term,
vv-ECMO,https://iate.europa.eu/entry/result/3589115,3589115,Redirection,
VV-ECMO,https://iate.europa.eu/entry/result/3589115,3589115,Abbrev,
venovenous extracorporeal membrane oxygenation,https://iate.europa.eu/entry/result/3589115,3589115,Term,
venovenous ECMO,https://iate.europa.eu/entry/result/3589115,3589115,Short Form,
veno-venous extracorporeal membrane oxygenation,https://iate.europa.eu/entry/result/3589115,3589115,Redirection,
VA-ECMO,https://iate.europa.eu/entry/result/3589114,3589114,Abbrev,
veno-arterial ECMO,https://iate.europa.eu/entry/result/3589114,3589114,Redirection,
venoarterial extracorporeal membrane oxygenation,https://iate.europa.eu/entry/result/3589114,3589114,Term,
veno-arterial extracorporeal membrane oxygenation,https://iate.europa.eu/entry/result/3589114,3589114,Redirection,
venoarterial ECMO,https://iate.europa.eu/entry/result/3589114,3589114,Short Form,
ivermectin,https://iate.europa.eu/entry/result/1895895,1895895,Term,
triage station,https://iate.europa.eu/entry/result/3589451,3589451,Term,deprecated
screening point,https://iate.europa.eu/entry/result/3589451,3589451,Term,preferred
COVID-19/Corona Information Group – Borders,https://iate.europa.eu/entry/result/3589311,3589311,Term,
personal protective material,https://iate.europa.eu/entry/result/3589424,3589424,Term,
disinfectant,https://iate.europa.eu/entry/result/1205786,1205786,Term,
virus particle,https://iate.europa.eu/entry/result/1547730,1547730,Term,
viral particle,https://iate.europa.eu/entry/result/1547730,1547730,Term,
virion,https://iate.europa.eu/entry/result/1547730,1547730,Term,
PMMA,https://iate.europa.eu/entry/result/1490194,1490194,Abbrev,
polymethyl methacrylate,https://iate.europa.eu/entry/result/1490194,1490194,Term,admitted
plexiglass,https://iate.europa.eu/entry/result/1490194,1490194,Term,
poly(methyl methacrylate),https://iate.europa.eu/entry/result/1490194,1490194,Term,
containment,https://iate.europa.eu/entry/result/1108941,1108941,Term,
alternative medicine,https://iate.europa.eu/entry/result/3589442,3589442,Term,
alternative drug,https://iate.europa.eu/entry/result/3589442,3589442,Term,
muscle relaxant,https://iate.europa.eu/entry/result/1687111,1687111,Term,
anaesthetic agent,https://iate.europa.eu/entry/result/1667295,1667295,Term,
anaesthetic,https://iate.europa.eu/entry/result/1667295,1667295,Term,
anesthetic anesthetics anaesthetics,https://iate.europa.eu/entry/result/1667295,1667295,Redirection,
oxygen therapy,https://iate.europa.eu/entry/result/147773,147773,Term,
asymptomatic individual,https://iate.europa.eu/entry/result/197204,197204,Term,
asymptomatic case,https://iate.europa.eu/entry/result/197204,197204,Term,
asymptomatic carrier,https://iate.europa.eu/entry/result/197204,197204,Term,
asymptomatic case,https://iate.europa.eu/entry/result/1431905,1431905,Term,
asymptomatic patient,https://iate.europa.eu/entry/result/1431905,1431905,Term,
asymptomatic subject,https://iate.europa.eu/entry/result/1431905,1431905,Term,
asymptomatic individual,https://iate.europa.eu/entry/result/1431905,1431905,Term,
joint public procurement,https://iate.europa.eu/entry/result/903654,903654,Term,
grouped procurement,https://iate.europa.eu/entry/result/903654,903654,Term,
joint procurement,https://iate.europa.eu/entry/result/903654,903654,Term,preferred
Community mechanism for the coordination of civil protection intervention in the event of emergencies,https://iate.europa.eu/entry/result/924561,924561,Redirection,obsolete
Community mechanism to facilitate reinforced cooperation in civil protection assistance interventions,https://iate.europa.eu/entry/result/924561,924561,Redirection,obsolete
Community Mechanism for Civil Protection,https://iate.europa.eu/entry/result/924561,924561,Redirection,
Civil protection framework,https://iate.europa.eu/entry/result/924561,924561,Redirection,
European Union Civil Protection Mechanism,https://iate.europa.eu/entry/result/924561,924561,Term,
European Civil Protection Mechanism,https://iate.europa.eu/entry/result/924561,924561,Redirection,
Union Mechanism,https://iate.europa.eu/entry/result/924561,924561,Short Form,
UCPM,https://iate.europa.eu/entry/result/924561,924561,Abbrev,
Union Civil Protection Mechanism,https://iate.europa.eu/entry/result/924561,924561,Term,
Union Mechanism,https://iate.europa.eu/entry/result/924561,924561,Redirection,
EU CPM,https://iate.europa.eu/entry/result/924561,924561,Abbrev,
EU Civil Protection Mechanism,https://iate.europa.eu/entry/result/924561,924561,Term,
Community Civil Protection Mechanism,https://iate.europa.eu/entry/result/924561,924561,Redirection,obsolete
ECPM,https://iate.europa.eu/entry/result/924561,924561,Redirection,
worker in seasonal employment,https://iate.europa.eu/entry/result/1550228,1550228,Term,
seasonal worker,https://iate.europa.eu/entry/result/1550228,1550228,Term,
imported case,https://iate.europa.eu/entry/result/3589134,3589134,Term,
viral shedding,https://iate.europa.eu/entry/result/3589546,3589546,Term,
credit holiday,https://iate.europa.eu/entry/result/3589150,3589150,Term,
payment holiday,https://iate.europa.eu/entry/result/3589150,3589150,Term,
repayment holiday,https://iate.europa.eu/entry/result/3589150,3589150,Term,
mortgage holiday,https://iate.europa.eu/entry/result/3589150,3589150,Redirection,
alcohol-based hand sanitiser,https://iate.europa.eu/entry/result/3589177,3589177,Term,
hand sanitizing gel,https://iate.europa.eu/entry/result/3589177,3589177,Redirection,
hydroalcoholic gel,https://iate.europa.eu/entry/result/3589177,3589177,Term,
alcohol-based hand sanitizer,https://iate.europa.eu/entry/result/3589177,3589177,Redirection,
disinfectant gel,https://iate.europa.eu/entry/result/3589177,3589177,Redirection,
hand sanitiser,https://iate.europa.eu/entry/result/3589177,3589177,Term,
alcohol-based hand rub,https://iate.europa.eu/entry/result/3589177,3589177,Term,
hand sanitizer,https://iate.europa.eu/entry/result/3589177,3589177,Redirection,
hand sanitising gel,https://iate.europa.eu/entry/result/3589177,3589177,Term,
hydro-alcoholic gel,https://iate.europa.eu/entry/result/3589177,3589177,Redirection,
hand disinfectant,https://iate.europa.eu/entry/result/3589177,3589177,Term,
favipiravir,https://iate.europa.eu/entry/result/3542724,3542724,Term,
hydroxychloroquine,https://iate.europa.eu/entry/result/1885412,1885412,Term,
chloroquine,https://iate.europa.eu/entry/result/1894809,1894809,Term,
pharmaceutical development and research,https://iate.europa.eu/entry/result/3589208,3589208,Redirection,
pharmaceutical development,https://iate.europa.eu/entry/result/3589208,3589208,Term,
drug development,https://iate.europa.eu/entry/result/3589208,3589208,Term,
septic shock,https://iate.europa.eu/entry/result/210096,210096,Term,
interstitium,https://iate.europa.eu/entry/result/1530177,1530177,Term,
interstitial space,https://iate.europa.eu/entry/result/1530177,1530177,Term,
flattening,https://iate.europa.eu/entry/result/1731664,1731664,Redirection,
flattening the curve,https://iate.europa.eu/entry/result/1731664,1731664,Redirection,
to flat the curve,https://iate.europa.eu/entry/result/1731664,1731664,Redirection,
flattening of a curve,https://iate.europa.eu/entry/result/1731664,1731664,Term,
<i>de minimis</i> Regulation,https://iate.europa.eu/entry/result/3517450,3517450,Term,
panic purchases,https://iate.europa.eu/entry/result/3589151,3589151,Term,
panic buying,https://iate.europa.eu/entry/result/3589151,3589151,Term,
patient examination glove,https://iate.europa.eu/entry/result/1687443,1687443,Term,
exploration glove,https://iate.europa.eu/entry/result/1687443,1687443,Term,
medical glove for single use,https://iate.europa.eu/entry/result/1687443,1687443,Term,
examination glove,https://iate.europa.eu/entry/result/1687443,1687443,Term,
extracorporeal membrane oxygenation,https://iate.europa.eu/entry/result/1076385,1076385,Term,preferred
ECMO,https://iate.europa.eu/entry/result/1076385,1076385,Abbrev,
extra corporeal membrane oxygenation,https://iate.europa.eu/entry/result/1076385,1076385,Redirection,
ECLS,https://iate.europa.eu/entry/result/1076385,1076385,Abbrev,
extracorporeal oxygenation,https://iate.europa.eu/entry/result/1076385,1076385,Short Form,
extracorporeal life support,https://iate.europa.eu/entry/result/1076385,1076385,Term,
medical products,https://iate.europa.eu/entry/result/1430939,1430939,Term,
medical equipment,https://iate.europa.eu/entry/result/1430939,1430939,Term,
medical device,https://iate.europa.eu/entry/result/1430939,1430939,Redirection,
eyewear,https://iate.europa.eu/entry/result/3589146,3589146,Short Form,
protective eyewear,https://iate.europa.eu/entry/result/3589146,3589146,Term,
eyewear protection,https://iate.europa.eu/entry/result/3589146,3589146,Term,
ventilator,https://iate.europa.eu/entry/result/1496943,1496943,Term,preferred
respirator,https://iate.europa.eu/entry/result/1496943,1496943,Term,deprecated
mechanical ventilator,https://iate.europa.eu/entry/result/1496943,1496943,Term,
respiratory ventilator,https://iate.europa.eu/entry/result/1496943,1496943,Term,
lung ventilator,https://iate.europa.eu/entry/result/1496943,1496943,Term,
pandemic crisis support safeguard,https://iate.europa.eu/entry/result/3589286,3589286,Term,
Pandemic Crisis Support,https://iate.europa.eu/entry/result/3589286,3589286,Term,
containment measures,https://iate.europa.eu/entry/result/895199,895199,Term,
Health Security Committee,https://iate.europa.eu/entry/result/928694,928694,Term,
HSC,https://iate.europa.eu/entry/result/928694,928694,Abbrev,
EU Health Security Committee,https://iate.europa.eu/entry/result/928694,928694,Term,
trade flow,https://iate.europa.eu/entry/result/786589,786589,Term,
device for self-testing,https://iate.europa.eu/entry/result/896984,896984,Term,preferred
self-test kit,https://iate.europa.eu/entry/result/896984,896984,Term,
infection confirmation,https://iate.europa.eu/entry/result/3589732,3589732,Term,
cardiomyopathy,https://iate.europa.eu/entry/result/1196199,1196199,Term,
contact,https://iate.europa.eu/entry/result/1534169,1534169,Term,
lockdown,https://iate.europa.eu/entry/result/3589174,3589174,Term,preferred
lock down,https://iate.europa.eu/entry/result/3589174,3589174,Term,
mutual recognition procedure,https://iate.europa.eu/entry/result/3535665,3535665,Term,
MRP,https://iate.europa.eu/entry/result/3535665,3535665,Abbrev,
strategic assets,https://iate.europa.eu/entry/result/3589523,3589523,Redirection,
strategic asset,https://iate.europa.eu/entry/result/3589523,3589523,Term,
critical asset,https://iate.europa.eu/entry/result/3589523,3589523,Term,
critical assets,https://iate.europa.eu/entry/result/3589523,3589523,Redirection,
CCM,https://iate.europa.eu/entry/result/1267192,1267192,Abbrev,
intensive care medicine,https://iate.europa.eu/entry/result/1267192,1267192,Term,
critical care medicine,https://iate.europa.eu/entry/result/1267192,1267192,Term,
ICM,https://iate.europa.eu/entry/result/1267192,1267192,Abbrev,
zero day procedure,https://iate.europa.eu/entry/result/3589786,3589786,Term,
simplified procedure,https://iate.europa.eu/entry/result/3589786,3589786,Term,
exceptional change management process,https://iate.europa.eu/entry/result/3589775,3589775,Term,
ECMP,https://iate.europa.eu/entry/result/3589775,3589775,Term,
coronavirus,https://iate.europa.eu/entry/result/1196107,1196107,Term,
corona virus,https://iate.europa.eu/entry/result/1196107,1196107,Redirection,
CoV,https://iate.europa.eu/entry/result/1196107,1196107,Abbrev,
first responder,https://iate.europa.eu/entry/result/928908,928908,Term,
acute respiratory distress syndrome,https://iate.europa.eu/entry/result/1354243,1354243,Term,
ARDS,https://iate.europa.eu/entry/result/1354243,1354243,Abbrev,
adult respiratory distress syndrome,https://iate.europa.eu/entry/result/1354243,1354243,Term,
CCP,https://iate.europa.eu/entry/result/3589659,3589659,Abbrev,
convalescent COVID-19 plasma,https://iate.europa.eu/entry/result/3589659,3589659,Term,
COVID-19 convalescent plasma,https://iate.europa.eu/entry/result/3589659,3589659,Term,preferred
observational study,https://iate.europa.eu/entry/result/1109292,1109292,Term,
Team Europe,https://iate.europa.eu/entry/result/3589422,3589422,Term,
plasmapheresis,https://iate.europa.eu/entry/result/1431384,1431384,Redirection,
plasmaphaeresis,https://iate.europa.eu/entry/result/1431384,1431384,Term,
plasma,https://iate.europa.eu/entry/result/1498999,1498999,Short Form,
blood plasma,https://iate.europa.eu/entry/result/1498999,1498999,Term,
plasm,https://iate.europa.eu/entry/result/1498999,1498999,Redirection,
plasma donor,https://iate.europa.eu/entry/result/1226360,1226360,Term,
EU IPCR arrangements,https://iate.europa.eu/entry/result/2228541,2228541,Short Form,
ipcr arrangements,https://iate.europa.eu/entry/result/2228541,2228541,Redirection,
EU Integrated Political Crisis Response (IPCR) arrangements,https://iate.europa.eu/entry/result/2228541,2228541,Redirection,
EU Emergency and Crisis Coordination Arrangements,https://iate.europa.eu/entry/result/2228541,2228541,Term,obsolete
CCA,https://iate.europa.eu/entry/result/2228541,2228541,Abbrev,obsolete
co-ordination arrangement,https://iate.europa.eu/entry/result/2228541,2228541,Redirection,
EU Integrated Political Crisis Response arrangements,https://iate.europa.eu/entry/result/2228541,2228541,Term,
IPCR,https://iate.europa.eu/entry/result/2228541,2228541,Abbrev,
crisis coordination arrangements,https://iate.europa.eu/entry/result/2228541,2228541,Short Form,obsolete
Integrated Political Crisis Response mechanism,https://iate.europa.eu/entry/result/2228541,2228541,Redirection,
convalescent plasma donor,https://iate.europa.eu/entry/result/3589657,3589657,Term,
convalescent donor,https://iate.europa.eu/entry/result/3589657,3589657,Term,
population study,https://iate.europa.eu/entry/result/1109348,1109348,Term,
diagnostic specificity,https://iate.europa.eu/entry/result/3510330,3510330,Term,
disease eradication,https://iate.europa.eu/entry/result/1084879,1084879,Term,
infectious disease eradication,https://iate.europa.eu/entry/result/1084879,1084879,Term,
eradication,https://iate.europa.eu/entry/result/1084879,1084879,Term,
angiotensin-converting enzyme 2,https://iate.europa.eu/entry/result/3589646,3589646,Term,
ACE2,https://iate.europa.eu/entry/result/3589646,3589646,Abbrev,
BAL,https://iate.europa.eu/entry/result/1230544,1230544,Abbrev,
bronchoalveolar washing,https://iate.europa.eu/entry/result/1230544,1230544,Redirection,
bronchoalveolar lavage,https://iate.europa.eu/entry/result/1230544,1230544,Term,
CCTV counting algorithm,https://iate.europa.eu/entry/result/3589744,3589744,Term,
major public health emergency,https://iate.europa.eu/entry/result/3589156,3589156,Term,
ritonavir,https://iate.europa.eu/entry/result/1886414,1886414,Term,
public health event of international concern,https://iate.europa.eu/entry/result/2233421,2233421,Redirection,
public health emergency of international concern,https://iate.europa.eu/entry/result/2233421,2233421,Term,
PHEIC,https://iate.europa.eu/entry/result/2233421,2233421,Abbrev,
analytical specificity,https://iate.europa.eu/entry/result/1878639,1878639,Term,
vertical airflow,https://iate.europa.eu/entry/result/3589743,3589743,Term,
multi-centre study,https://iate.europa.eu/entry/result/3518689,3518689,Term,admitted
multi-centre trial,https://iate.europa.eu/entry/result/3518689,3518689,Term,
multicenter trial,https://iate.europa.eu/entry/result/3518689,3518689,Redirection,
multicenter study,https://iate.europa.eu/entry/result/3518689,3518689,Redirection,
multi-centre clinical trial,https://iate.europa.eu/entry/result/3518689,3518689,Term,preferred
pulmonology,https://iate.europa.eu/entry/result/1431107,1431107,Term,
pneumology,https://iate.europa.eu/entry/result/1431107,1431107,Term,
respiratory medicine,https://iate.europa.eu/entry/result/1431107,1431107,Term,
participatory surveillance,https://iate.europa.eu/entry/result/3589476,3589476,Term,
medical nutrition,https://iate.europa.eu/entry/result/3589441,3589441,Term,
Single Point of Contact network,https://iate.europa.eu/entry/result/3589426,3589426,Term,
SPOC network,https://iate.europa.eu/entry/result/3589426,3589426,Short Form,
resuscitation drug,https://iate.europa.eu/entry/result/3589430,3589430,Term,
resuscitation medicine,https://iate.europa.eu/entry/result/3589430,3589430,Term,
medical grade oxygen,https://iate.europa.eu/entry/result/3589429,3589429,Term,
medical oxygen,https://iate.europa.eu/entry/result/3589429,3589429,Term,
sentinel physician,https://iate.europa.eu/entry/result/36647,36647,Term,
operations for fostering crisis response capacities,https://iate.europa.eu/entry/result/3589371,3589371,Redirection,
operation for fostering crisis response capacities in the context of the COVID-19 outbreak,https://iate.europa.eu/entry/result/3589371,3589371,Phrase,
operations for fostering crisis response capacities in the context of the COVID-19 outbreak,https://iate.europa.eu/entry/result/3589371,3589371,Redirection,
operation for fostering crisis response capacities,https://iate.europa.eu/entry/result/3589371,3589371,Phrase,
screening mechanism,https://iate.europa.eu/entry/result/3589508,3589508,Term,
foreign investment screening mechanism,https://iate.europa.eu/entry/result/3589508,3589508,Redirection,
FDI screening mechanism,https://iate.europa.eu/entry/result/3589508,3589508,Term,
foreign direct investment screening mechanism,https://iate.europa.eu/entry/result/3589508,3589508,Term,
screening mechanism for foreign direct investment,https://iate.europa.eu/entry/result/3589508,3589508,Redirection,
EFG,https://iate.europa.eu/entry/result/3550505,3550505,Abbrev,
Equity Facility for Growth,https://iate.europa.eu/entry/result/3550505,3550505,Term,
COSME Equity Facility for Growth,https://iate.europa.eu/entry/result/3550505,3550505,Term,
COSME EFG,https://iate.europa.eu/entry/result/3550505,3550505,Term,
LGF,https://iate.europa.eu/entry/result/3589492,3589492,Abbrev,
COSME LGF,https://iate.europa.eu/entry/result/3589492,3589492,Abbrev,
COSME Loan Guarantee Facility,https://iate.europa.eu/entry/result/3589492,3589492,Term,
Loan Guarantee Facility,https://iate.europa.eu/entry/result/3589492,3589492,Term,
InnovFin Infectious Disease Finance Facility,https://iate.europa.eu/entry/result/3589494,3589494,Term,
InnovFin Infectious Diseases Financial Facility,https://iate.europa.eu/entry/result/3589494,3589494,Redirection,
InnovFin Infectious Diseases,https://iate.europa.eu/entry/result/3589494,3589494,Term,
InnovFin Infectious Diseases Finance Facility,https://iate.europa.eu/entry/result/3589494,3589494,Term,
IDFF,https://iate.europa.eu/entry/result/3589494,3589494,Term,
pandemic,https://iate.europa.eu/entry/result/1668882,1668882,Term,
common source epidemic,https://iate.europa.eu/entry/result/1108915,1108915,Term,
common source outbreak,https://iate.europa.eu/entry/result/1108915,1108915,Redirection,
full-fledged screening mechanism,https://iate.europa.eu/entry/result/3589509,3589509,Term,
IMP,https://iate.europa.eu/entry/result/2146586,2146586,Term,
investigational medicinal product,https://iate.europa.eu/entry/result/2146586,2146586,Term,
investigational product,https://iate.europa.eu/entry/result/2146586,2146586,Short Form,
medicinal product for trial,https://iate.europa.eu/entry/result/2146586,2146586,Redirection,
open data,https://iate.europa.eu/entry/result/3589500,3589500,Redirection,
open research data,https://iate.europa.eu/entry/result/3589500,3589500,Term,
bilateral interstitial pneumonia,https://iate.europa.eu/entry/result/3589161,3589161,Term,
pre-clinical research,https://iate.europa.eu/entry/result/3589499,3589499,Term,
preclinical research,https://iate.europa.eu/entry/result/3589499,3589499,Redirection,
emergency procurement,https://iate.europa.eu/entry/result/3589931,3589931,Term,
EBA,https://iate.europa.eu/entry/result/3589652,3589652,Abbrev,
European Blood Alliance,https://iate.europa.eu/entry/result/3589652,3589652,Term,
source data verification,https://iate.europa.eu/entry/result/3589609,3589609,Term,
SDV,https://iate.europa.eu/entry/result/3589609,3589609,Term,
confinement,https://iate.europa.eu/entry/result/3589439,3589439,Term,
confinement measures,https://iate.europa.eu/entry/result/3589439,3589439,Term,
lockdown measures,https://iate.europa.eu/entry/result/3589439,3589439,Term,
restrictions on movement,https://iate.europa.eu/entry/result/3589439,3589439,Term,preferred
blood service,https://iate.europa.eu/entry/result/3589698,3589698,Term,
Big Data Test Infrastructure,https://iate.europa.eu/entry/result/3589661,3589661,Term,
BDTI,https://iate.europa.eu/entry/result/3589661,3589661,Abbrev,
immune globuline,https://iate.europa.eu/entry/result/1224959,1224959,Term,
immunoglobulin,https://iate.europa.eu/entry/result/1224959,1224959,Term,
immuno-globulin,https://iate.europa.eu/entry/result/1224959,1224959,Term,
EU CCP Database,https://iate.europa.eu/entry/result/3589653,3589653,Term,
common Union toolbox,https://iate.europa.eu/entry/result/3589757,3589757,Term,
EU Toolbox,https://iate.europa.eu/entry/result/3589757,3589757,Term,
Common EU Toolbox,https://iate.europa.eu/entry/result/3589757,3589757,Term,
acute interstitial pneumonia,https://iate.europa.eu/entry/result/3589160,3589160,Term,
spike protein,https://iate.europa.eu/entry/result/1661603,1661603,Term,
viral spike protein,https://iate.europa.eu/entry/result/1661603,1661603,Term,
S-protein,https://iate.europa.eu/entry/result/1661603,1661603,Term,
spike glycoprotein,https://iate.europa.eu/entry/result/1661603,1661603,Term,
capsomere,https://iate.europa.eu/entry/result/1494479,1494479,Term,
visor,https://iate.europa.eu/entry/result/3589259,3589259,Term,
pharmaceutical development and research,https://iate.europa.eu/entry/result/159118,159118,Redirection,
pharmaceutical research,https://iate.europa.eu/entry/result/159118,159118,Term,
symptom screening,https://iate.europa.eu/entry/result/3589279,3589279,Term,
infrared thermal screening,https://iate.europa.eu/entry/result/3589278,3589278,Term,
thermal scanning,https://iate.europa.eu/entry/result/3589278,3589278,Term,
Coronavirus Response Investment Initiative Task Force,https://iate.europa.eu/entry/result/3589393,3589393,Term,
CRII Task Force,https://iate.europa.eu/entry/result/3589393,3589393,Term,
face shield,https://iate.europa.eu/entry/result/1353062,1353062,Term,
face-shield,https://iate.europa.eu/entry/result/1353062,1353062,Redirection,
protective personal equipment,https://iate.europa.eu/entry/result/1353023,1353023,Redirection,
personal safety equipment,https://iate.europa.eu/entry/result/1353023,1353023,Term,
personal protective equipment,https://iate.europa.eu/entry/result/1353023,1353023,Term,preferred
individual means of protection,https://iate.europa.eu/entry/result/1353023,1353023,Redirection,
personal protective device,https://iate.europa.eu/entry/result/1353023,1353023,Term,
individual protective equipment,https://iate.europa.eu/entry/result/1353023,1353023,Term,
PPE,https://iate.europa.eu/entry/result/1353023,1353023,Abbrev,
personal protection equipment,https://iate.europa.eu/entry/result/1353023,1353023,Term,
protective equipment,https://iate.europa.eu/entry/result/1353023,1353023,Short Form,
body protection equipment,https://iate.europa.eu/entry/result/1353023,1353023,Redirection,
crisis preparedness,https://iate.europa.eu/entry/result/3567652,3567652,Term,
compassionate use,https://iate.europa.eu/entry/result/1687028,1687028,Term,
convertible equity,https://iate.europa.eu/entry/result/3589961,3589961,Term,
frontier worker,https://iate.europa.eu/entry/result/865809,865809,Term,
coronavirus test,https://iate.europa.eu/entry/result/3589326,3589326,Term,
novel coronavirus test,https://iate.europa.eu/entry/result/3589326,3589326,Term,obsolete
COVID-19 test,https://iate.europa.eu/entry/result/3589326,3589326,Redirection,
Emergency Response Coordination Centre,https://iate.europa.eu/entry/result/3528195,3528195,Appellation,preferred
EER Centre,https://iate.europa.eu/entry/result/3528195,3528195,Short Form,obsolete
European Emergency Response Center,https://iate.europa.eu/entry/result/3528195,3528195,Redirection,
European Emergency Response Centre,https://iate.europa.eu/entry/result/3528195,3528195,Term,obsolete
Emergency Response Coordination Center,https://iate.europa.eu/entry/result/3528195,3528195,Redirection,
ERCC,https://iate.europa.eu/entry/result/3528195,3528195,Abbrev,
ERC,https://iate.europa.eu/entry/result/3528195,3528195,Abbrev,obsolete
isolation,https://iate.europa.eu/entry/result/1497528,1497528,Term,
PCR machine time,https://iate.europa.eu/entry/result/3589141,3589141,Term,
RNA extraction machine time,https://iate.europa.eu/entry/result/3589142,3589142,Term,
COVID-19 Response Fund,https://iate.europa.eu/entry/result/3589637,3589637,Term,
COVID-19 Solidarity Response Fund,https://iate.europa.eu/entry/result/3589637,3589637,Term,
flying medical team,https://iate.europa.eu/entry/result/3589359,3589359,Term,
Middle East respiratory syndrome coronavirus,https://iate.europa.eu/entry/result/3549541,3549541,Term,
Middle East respiratory syndrome-related coronavirus,https://iate.europa.eu/entry/result/3549541,3549541,Term,
Middle East Respiratory Syndrome Coronavirus,https://iate.europa.eu/entry/result/3549541,3549541,Term,
novel coronavirus,https://iate.europa.eu/entry/result/3549541,3549541,Redirection,obsolete
CJRS,https://iate.europa.eu/entry/result/3589663,3589663,Abbrev,
Coronavirus Job Retention Scheme,https://iate.europa.eu/entry/result/3589663,3589663,Appellation,
European COVID-19 data platform,https://iate.europa.eu/entry/result/3589496,3589496,Term,
ITU,https://iate.europa.eu/entry/result/1529883,1529883,Abbrev,
ICU,https://iate.europa.eu/entry/result/1529883,1529883,Abbrev,
intensive care unit,https://iate.europa.eu/entry/result/1529883,1529883,Term,
intensive therapy unit,https://iate.europa.eu/entry/result/1529883,1529883,Term,
CCU,https://iate.europa.eu/entry/result/1529883,1529883,Abbrev,
critical care unit,https://iate.europa.eu/entry/result/1529883,1529883,Term,
one-off,https://iate.europa.eu/entry/result/907309,907309,Term,
one-off measure,https://iate.europa.eu/entry/result/907309,907309,Term,
one-off fiscal measure,https://iate.europa.eu/entry/result/907309,907309,Term,
unusual event clause,https://iate.europa.eu/entry/result/3578814,3578814,Term,
unusual event provision,https://iate.europa.eu/entry/result/3578814,3578814,Term,
severe acute respiratory syndrome,https://iate.europa.eu/entry/result/1905054,1905054,Term,
SARS,https://iate.europa.eu/entry/result/1905054,1905054,Abbrev,
randomized trial,https://iate.europa.eu/entry/result/1221271,1221271,Redirection,
randomised clinical trial,https://iate.europa.eu/entry/result/1221271,1221271,Term,preferred
randomized clinical trial,https://iate.europa.eu/entry/result/1221271,1221271,Redirection,
randomised trial,https://iate.europa.eu/entry/result/1221271,1221271,Short Form,
major natural disaster,https://iate.europa.eu/entry/result/3589157,3589157,Term,
regional natural disaster,https://iate.europa.eu/entry/result/3589158,3589158,Term,
COVID-19 coronavirus outbreak,https://iate.europa.eu/entry/result/3589181,3589181,Redirection,
coronavirus outbreak,https://iate.europa.eu/entry/result/3589181,3589181,Redirection,
COVID-19 outbreak,https://iate.europa.eu/entry/result/3589181,3589181,Term,
lay person,https://iate.europa.eu/entry/result/909445,909445,Term,
lay-user,https://iate.europa.eu/entry/result/909445,909445,Redirection,
lay user,https://iate.europa.eu/entry/result/909445,909445,Term,
public health crisis,https://iate.europa.eu/entry/result/3589365,3589365,Term,
de-escalation strategy,https://iate.europa.eu/entry/result/3589327,3589327,Term,
de-escalating measures,https://iate.europa.eu/entry/result/3589327,3589327,Redirection,
exit strategy,https://iate.europa.eu/entry/result/3589327,3589327,Term,
CSPP,https://iate.europa.eu/entry/result/3569677,3569677,Abbrev,
corporate sector purchase programme,https://iate.europa.eu/entry/result/3569677,3569677,Term,
MERS,https://iate.europa.eu/entry/result/3578624,3578624,Abbrev,
Middle East Respiratory Syndrome,https://iate.europa.eu/entry/result/3578624,3578624,Term,
Middle East respiratory syndrome,https://iate.europa.eu/entry/result/3578624,3578624,Term,
isolation at home,https://iate.europa.eu/entry/result/3589353,3589353,Term,
home isolation,https://iate.europa.eu/entry/result/3589353,3589353,Term,
self-isolation,https://iate.europa.eu/entry/result/3589353,3589353,Term,
decentralised procedure,https://iate.europa.eu/entry/result/3535616,3535616,Term,
decentralised authorisation procedure,https://iate.europa.eu/entry/result/3535616,3535616,Term,
DCP,https://iate.europa.eu/entry/result/3535616,3535616,Abbrev,
active mobility,https://iate.europa.eu/entry/result/3589688,3589688,Term,
community immunity,https://iate.europa.eu/entry/result/1109120,1109120,Term,
herd immunity,https://iate.europa.eu/entry/result/1109120,1109120,Term,
intensive care,https://iate.europa.eu/entry/result/1430889,1430889,Term,
critical care,https://iate.europa.eu/entry/result/1430889,1430889,Term,
preclinical study,https://iate.europa.eu/entry/result/2251196,2251196,Term,
preclinical test,https://iate.europa.eu/entry/result/2251196,2251196,Term,
pre-clinical study,https://iate.europa.eu/entry/result/2251196,2251196,Term,
preclinical trial,https://iate.europa.eu/entry/result/2251196,2251196,Term,
non-clinical study,https://iate.europa.eu/entry/result/2251196,2251196,Term,
pre-clinical testing,https://iate.europa.eu/entry/result/2251196,2251196,Term,
pre-clinical trial,https://iate.europa.eu/entry/result/2251196,2251196,Term,
pre-clinical test,https://iate.europa.eu/entry/result/2251196,2251196,Term,
temporary restructuring support,https://iate.europa.eu/entry/result/3561256,3561256,Term,
EU Solidarity for Health Initiative,https://iate.europa.eu/entry/result/3589339,3589339,Term,
additional credit claim,https://iate.europa.eu/entry/result/3589258,3589258,Term,
ACC,https://iate.europa.eu/entry/result/3589258,3589258,Abbrev,
JPA,https://iate.europa.eu/entry/result/3589154,3589154,Abbrev,
Joint Procurement Agreement to procure medical countermeasures,https://iate.europa.eu/entry/result/3589154,3589154,Term,
Joint Procurement Agreement,https://iate.europa.eu/entry/result/3589154,3589154,Short Form,
COVID-19 Advisory Panel,https://iate.europa.eu/entry/result/3589170,3589170,Redirection,
advisory group on COVID-19,https://iate.europa.eu/entry/result/3589170,3589170,Redirection,
advisory panel on COVID-19,https://iate.europa.eu/entry/result/3589170,3589170,Term,
quarantine,https://iate.europa.eu/entry/result/3589352,3589352,Term,
capsid,https://iate.europa.eu/entry/result/1431837,1431837,Term,
protein coat,https://iate.europa.eu/entry/result/1431837,1431837,Term,
EU Executive Steering Group on shortages of medicines caused by major events,https://iate.europa.eu/entry/result/3589291,3589291,Term,
executive steering group,https://iate.europa.eu/entry/result/3589291,3589291,Term,
frontier-zone worker,https://iate.europa.eu/entry/result/3550291,3550291,Redirection,
border worker,https://iate.europa.eu/entry/result/3550291,3550291,Redirection,
frontier worker,https://iate.europa.eu/entry/result/3550291,3550291,Term,
cross-border worker,https://iate.europa.eu/entry/result/3550291,3550291,Redirection,
cross-border commuter,https://iate.europa.eu/entry/result/3550291,3550291,Term,
investigational therapeutic agent,https://iate.europa.eu/entry/result/3589144,3589144,Term,
investigational therapeutic,https://iate.europa.eu/entry/result/3589144,3589144,Term,preferred
antiviral,https://iate.europa.eu/entry/result/1186701,1186701,Term,
antiviral medication,https://iate.europa.eu/entry/result/1186701,1186701,Term,admitted
antivirals,https://iate.europa.eu/entry/result/1186701,1186701,Redirection,
antiviral drug,https://iate.europa.eu/entry/result/1186701,1186701,Term,
antiviral drug,https://iate.europa.eu/entry/result/1186701,1186701,Redirection,
antiviral medicine,https://iate.europa.eu/entry/result/1186701,1186701,Term,
virulence,https://iate.europa.eu/entry/result/1450729,1450729,Term,
receptor,https://iate.europa.eu/entry/result/1684624,1684624,Term,
ICSR,https://iate.europa.eu/entry/result/43785,43785,Abbrev,
ICSRs,https://iate.europa.eu/entry/result/43785,43785,Redirection,
individual case safety report,https://iate.europa.eu/entry/result/43785,43785,Term,
sunset clause,https://iate.europa.eu/entry/result/3535730,3535730,Term,
cytokine,https://iate.europa.eu/entry/result/1186649,1186649,Term,
coronavirus response team,https://iate.europa.eu/entry/result/3589068,3589068,Term,preferred
corona response team,https://iate.europa.eu/entry/result/3589068,3589068,Term,
European corona response team,https://iate.europa.eu/entry/result/3589068,3589068,Term,
European Coronavirus Response team,https://iate.europa.eu/entry/result/3589068,3589068,Redirection,
incubation time,https://iate.europa.eu/entry/result/1529636,1529636,Term,
incubation period,https://iate.europa.eu/entry/result/1529636,1529636,Term,preferred
probable case,https://iate.europa.eu/entry/result/3504409,3504409,Term,
short-time working,https://iate.europa.eu/entry/result/1196778,1196778,Term,
partial redundancy,https://iate.europa.eu/entry/result/1196778,1196778,Term,
work-sharing unemployment,https://iate.europa.eu/entry/result/1196778,1196778,Redirection,
partial unemployment,https://iate.europa.eu/entry/result/1196778,1196778,Term,
short-time work,https://iate.europa.eu/entry/result/1196778,1196778,Term,
MAH,https://iate.europa.eu/entry/result/3535657,3535657,Abbrev,
marketing authorisation holder,https://iate.europa.eu/entry/result/3535657,3535657,Term,
early warning and response system for the prevention and control of communicable diseases,https://iate.europa.eu/entry/result/2234433,2234433,Term,
Early Warning and Response System for Communicable Diseases,https://iate.europa.eu/entry/result/2234433,2234433,Term,
EWRS,https://iate.europa.eu/entry/result/2234433,2234433,Abbrev,
Early Warning and Response System,https://iate.europa.eu/entry/result/2234433,2234433,Term,
